ATIVO	PRODUTO	DATE	QUANTIDADE	VALOR LÍQUIDO
TESOURO DIRETO	Tesouro IPCA+ 2045	12-2020	8,82	12671,05
TESOURO DIRETO	Tesouro IPCA+ 2045	11-2020	1,28	1580,48
TESOURO DIRETO	Tesouro IPCA+ 2035	4-2021	6	11974,99
TESOURO DIRETO	Tesouro IPCA+ 2026	8-2021	1,74	5058,79
TESOURO DIRETO	Tesouro IPCA+ 2035	8-2021	6,04	11602,38
TESOURO DIRETO	Tesouro IPCA+ 2026	12-2021	1,74	5185,43
TESOURO DIRETO	Tesouro IPCA+ 2035	12-2021	6,04	11253,24
TESOURO DIRETO	Tesouro IPCA+ 2045	2-2021	8,99	12090,17
TESOURO DIRETO	Tesouro IPCA+ 2045	1-2021	8,91	12478,26
TESOURO DIRETO	Tesouro IPCA+ 2026	7-2021	1,74	5101,16
TESOURO DIRETO	Tesouro IPCA+ 2035	7-2021	6,04	11992,28
TESOURO DIRETO	Tesouro IPCA+ 2026	6-2021	1,74	5107,85
TESOURO DIRETO	Tesouro IPCA+ 2035	6-2021	6,04	12083,19
TESOURO DIRETO	Tesouro IPCA+ 2035	5-2021	6,04	11910,94
TESOURO DIRETO	Tesouro IPCA+ 2035	3-2021	5,95	11676,88
TESOURO DIRETO	Tesouro IPCA+ 2026	11-2021	1,74	5145,79
TESOURO DIRETO	Tesouro IPCA+ 2035	11-2021	6,04	11389,73
TESOURO DIRETO	Tesouro IPCA+ 2026	10-2021	1,74	4944,4
TESOURO DIRETO	Tesouro IPCA+ 2035	10-2021	6,04	10699,74
TESOURO DIRETO	Tesouro IPCA+ 2026	9-2021	1,74	5083,36
TESOURO DIRETO	Tesouro IPCA+ 2035	9-2021	6,04	11390,79
TESOURO DIRETO	Tesouro IPCA+ 2026	4-2022	2,41	7480,09
TESOURO DIRETO	Tesouro IPCA+ 2035	4-2022	6,04	11492,53
TESOURO DIRETO	Tesouro Selic 2024	4-2022	0,39	4486,39
TESOURO DIRETO	Tesouro IPCA+ 2026	8-2022	2,41	7544,71
TESOURO DIRETO	Tesouro IPCA+ 2035	8-2022	6,04	11452,06
TESOURO DIRETO	Tesouro Selic 2024	8-2022	0,39	4653,02
TESOURO DIRETO	Tesouro IPCA+ 2026	12-2022	2,47	7822,84
TESOURO DIRETO	Tesouro IPCA+ 2035	12-2022	6,04	11527,45
TESOURO DIRETO	Tesouro Selic 2024	12-2022	0,39	4819,29
TESOURO DIRETO	Tesouro IPCA+ 2026	2-2022	1,74	5214,84
TESOURO DIRETO	Tesouro IPCA+ 2035	2-2022	6,04	10958,27
TESOURO DIRETO	Tesouro Selic 2024	2-2022	0,39	4431,26
TESOURO DIRETO	Tesouro IPCA+ 2026	1-2022	1,74	5199,8
TESOURO DIRETO	Tesouro IPCA+ 2035	1-2022	6,04	10982,72
TESOURO DIRETO	Tesouro Selic 2024	1-2022	0,32	3609,59
TESOURO DIRETO	Tesouro IPCA+ 2026	7-2022	2,41	7518,69
TESOURO DIRETO	Tesouro IPCA+ 2035	7-2022	6,04	11005,77
TESOURO DIRETO	Tesouro Selic 2024	7-2022	0,39	4606,42
TESOURO DIRETO	Tesouro IPCA+ 2026	6-2022	2,41	7548,65
TESOURO DIRETO	Tesouro IPCA+ 2035	6-2022	6,04	11381,36
TESOURO DIRETO	Tesouro Selic 2024	6-2022	0,39	4563,13
TESOURO DIRETO	Tesouro IPCA+ 2026	5-2022	2,41	7502,66
TESOURO DIRETO	Tesouro IPCA+ 2035	5-2022	6,04	11503,64
TESOURO DIRETO	Tesouro Selic 2024	5-2022	0,39	4525,55
TESOURO DIRETO	Tesouro IPCA+ 2026	3-2022	1,74	5337,77
TESOURO DIRETO	Tesouro IPCA+ 2035	3-2022	6,04	11479,57
TESOURO DIRETO	Tesouro Selic 2024	3-2022	0,39	4465,42
TESOURO DIRETO	Tesouro IPCA+ 2026	11-2022	2,41	7597,64
TESOURO DIRETO	Tesouro IPCA+ 2035	11-2022	6,04	11494,28
TESOURO DIRETO	Tesouro Selic 2024	11-2022	0,39	4774,7
TESOURO DIRETO	Tesouro IPCA+ 2026	10-2022	2,41	7677,29
TESOURO DIRETO	Tesouro IPCA+ 2035	10-2022	6,04	11722,87
TESOURO DIRETO	Tesouro Selic 2024	10-2022	0,39	4735,74
TESOURO DIRETO	Tesouro IPCA+ 2026	9-2022	2,41	7579,56
TESOURO DIRETO	Tesouro IPCA+ 2035	9-2022	6,04	11738,7
TESOURO DIRETO	Tesouro Selic 2024	9-2022	0,39	4695,6
TESOURO DIRETO	Tesouro IPCA+ 2026	4-2023	2,47	8280,95
TESOURO DIRETO	Tesouro IPCA+ 2035	4-2023	6,04	12190,34
TESOURO DIRETO	Tesouro Prefixado 2026	4-2023	2,77	2040,88
TESOURO DIRETO	Tesouro Selic 2024	4-2023	0,39	5002,38
TESOURO DIRETO	Tesouro Selic 2026	4-2023	0,16	2094,38
TESOURO DIRETO	Tesouro IPCA+ 2026	8-2023	2,47	8573,93
TESOURO DIRETO	Tesouro IPCA+ 2035	8-2023	6,04	13212,94
TESOURO DIRETO	Tesouro Prefixado 2026	8-2023	2,77	2165
TESOURO DIRETO	Tesouro Selic 2024	8-2023	0,39	5193,27
TESOURO DIRETO	Tesouro Selic 2026	8-2023	0,16	2171,65
TESOURO DIRETO	Tesouro IPCA+ 2026	12-2023	2,47	8773,02
TESOURO DIRETO	Tesouro IPCA+ 2035	12-2023	6,04	13586,02
TESOURO DIRETO	Tesouro Prefixado 2026	12-2023	2,77	2244,24
TESOURO DIRETO	Tesouro Selic 2024	12-2023	0,39	5363,1
TESOURO DIRETO	Tesouro Selic 2026	12-2023	0,16	2242,2
TESOURO DIRETO	Tesouro IPCA+ 2026	2-2023	2,47	8040,24
TESOURO DIRETO	Tesouro IPCA+ 2035	2-2023	6,04	11306,64
TESOURO DIRETO	Tesouro Selic 2024	2-2023	0,39	4915,72
TESOURO DIRETO	Tesouro IPCA+ 2026	1-2023	2,47	7921,08
TESOURO DIRETO	Tesouro IPCA+ 2035	1-2023	6,04	11215,07
TESOURO DIRETO	Tesouro Selic 2024	1-2023	0,39	4878,02
TESOURO DIRETO	Tesouro IPCA+ 2026	7-2023	2,47	8520,66
TESOURO DIRETO	Tesouro IPCA+ 2035	7-2023	6,04	13300,49
TESOURO DIRETO	Tesouro Prefixado 2026	7-2023	2,77	2153,86
TESOURO DIRETO	Tesouro Selic 2024	7-2023	0,39	5143,08
TESOURO DIRETO	Tesouro Selic 2026	7-2023	0,16	2151,1
TESOURO DIRETO	Tesouro IPCA+ 2026	6-2023	2,47	8446,66
TESOURO DIRETO	Tesouro IPCA+ 2035	6-2023	6,04	13251,99
TESOURO DIRETO	Tesouro Prefixado 2026	6-2023	2,77	2137,45
TESOURO DIRETO	Tesouro Selic 2024	6-2023	0,39	5097,06
TESOURO DIRETO	Tesouro Selic 2026	6-2023	0,16	2133,39
TESOURO DIRETO	Tesouro IPCA+ 2026	5-2023	2,47	8360,5
TESOURO DIRETO	Tesouro IPCA+ 2035	5-2023	6,04	12839,29
TESOURO DIRETO	Tesouro Prefixado 2026	5-2023	2,77	2096,31
TESOURO DIRETO	Tesouro Selic 2024	5-2023	0,39	5050,43
TESOURO DIRETO	Tesouro Selic 2026	5-2023	0,16	2115,1
TESOURO DIRETO	Tesouro IPCA+ 2026	3-2023	2,47	8179,46
TESOURO DIRETO	Tesouro IPCA+ 2035	3-2023	6,04	11832,24
TESOURO DIRETO	Tesouro Selic 2024	3-2023	0,39	4964,47
TESOURO DIRETO	Tesouro Selic 2026	3-2023	0,09	1168,05
TESOURO DIRETO	Tesouro IPCA+ 2026	11-2023	2,47	8650,41
TESOURO DIRETO	Tesouro IPCA+ 2035	11-2023	6,04	13118,37
TESOURO DIRETO	Tesouro Prefixado 2026	11-2023	2,77	2215,87
TESOURO DIRETO	Tesouro Selic 2024	11-2023	0,39	5322,25
TESOURO DIRETO	Tesouro Selic 2026	11-2023	0,16	2225,9
TESOURO DIRETO	Tesouro IPCA+ 2026	10-2023	2,47	8484,57
TESOURO DIRETO	Tesouro IPCA+ 2035	10-2023	6,04	12824,49
TESOURO DIRETO	Tesouro Prefixado 2026	10-2023	2,77	2167,15
TESOURO DIRETO	Tesouro Selic 2024	10-2023	0,39	5280,94
TESOURO DIRETO	Tesouro Selic 2026	10-2023	0,16	2209,97
TESOURO DIRETO	Tesouro IPCA+ 2026	9-2023	2,47	8538,01
TESOURO DIRETO	Tesouro IPCA+ 2035	9-2023	6,04	12869,68
TESOURO DIRETO	Tesouro Prefixado 2026	9-2023	2,77	2163
TESOURO DIRETO	Tesouro Selic 2024	9-2023	0,39	5236,38
TESOURO DIRETO	Tesouro Selic 2026	9-2023	0,16	2190,85
TESOURO DIRETO	Tesouro IPCA+ 2026	4-2024	2,47	8894,13
TESOURO DIRETO	Tesouro IPCA+ 2035	4-2024	6,04	12965,81
TESOURO DIRETO	Tesouro Prefixado 2026	4-2024	2,77	2282,74
TESOURO DIRETO	Tesouro Selic 2024	4-2024	0,39	5559,5
TESOURO DIRETO	Tesouro Selic 2026	4-2024	0,16	2314,22
TESOURO DIRETO	Tesouro IPCA+ 2026	8-2024	2,47	9088,03
TESOURO DIRETO	Tesouro IPCA+ 2035	8-2024	6,04	13395,12
TESOURO DIRETO	Tesouro Prefixado 2026	8-2024	2,77	2322,4
TESOURO DIRETO	Tesouro Selic 2024	8-2024	0,39	5728,14
TESOURO DIRETO	Tesouro Selic 2026	8-2024	0,16	2382,44
TESOURO DIRETO	Tesouro IPCA+ 2026	2-2024	2,47	8857,26
TESOURO DIRETO	Tesouro IPCA+ 2035	2-2024	6,04	13437,23
TESOURO DIRETO	Tesouro Prefixado 2026	2-2024	2,77	2269,08
TESOURO DIRETO	Tesouro Selic 2024	2-2024	0,39	5476,95
TESOURO DIRETO	Tesouro Selic 2026	2-2024	0,16	2274,98
TESOURO DIRETO	Tesouro IPCA+ 2026	1-2024	2,47	8828,56
TESOURO DIRETO	Tesouro IPCA+ 2035	1-2024	6,04	13355,04
TESOURO DIRETO	Tesouro Prefixado 2026	1-2024	2,77	2261,39
TESOURO DIRETO	Tesouro Selic 2024	1-2024	0,39	5438,15
TESOURO DIRETO	Tesouro Selic 2026	1-2024	0,16	2260,17
TESOURO DIRETO	Tesouro IPCA+ 2026	7-2024	2,47	9043,42
TESOURO DIRETO	Tesouro IPCA+ 2035	7-2024	6,04	13312,94
TESOURO DIRETO	Tesouro Prefixado 2026	7-2024	2,77	2308,96
TESOURO DIRETO	Tesouro Selic 2024	7-2024	0,39	5684,42
TESOURO DIRETO	Tesouro Selic 2026	7-2024	0,16	2364,66
TESOURO DIRETO	Tesouro IPCA+ 2026	6-2024	2,47	8993,95
TESOURO DIRETO	Tesouro IPCA+ 2035	6-2024	6,04	12935,43
TESOURO DIRETO	Tesouro Prefixado 2026	6-2024	2,77	2291,88
TESOURO DIRETO	Tesouro Selic 2024	6-2024	0,39	5639,25
TESOURO DIRETO	Tesouro Selic 2026	6-2024	0,16	2346,56
TESOURO DIRETO	Tesouro IPCA+ 2026	5-2024	2,47	8968,1
TESOURO DIRETO	Tesouro IPCA+ 2035	5-2024	6,04	13139,54
TESOURO DIRETO	Tesouro Prefixado 2026	5-2024	2,77	2293,18
TESOURO DIRETO	Tesouro Selic 2024	5-2024	0,39	5600,08
TESOURO DIRETO	Tesouro Selic 2026	5-2024	0,16	2330,5
TESOURO DIRETO	Tesouro IPCA+ 2026	3-2024	2,47	8917,57
TESOURO DIRETO	Tesouro IPCA+ 2035	3-2024	6,04	13343,37
TESOURO DIRETO	Tesouro Prefixado 2026	3-2024	2,77	2279,45
TESOURO DIRETO	Tesouro Selic 2024	3-2024	0,39	5516,4
TESOURO DIRETO	Tesouro Selic 2026	3-2024	0,16	2294,25
TESOURO DIRETO	Tesouro IPCA+ 2026	9-2024	2,47	9135,09
TESOURO DIRETO	Tesouro IPCA+ 2035	9-2024	6,04	13191,41
TESOURO DIRETO	Tesouro Prefixado 2026	9-2024	2,77	2330,2
TESOURO DIRETO	Tesouro Selic 2026	9-2024	0,16	2399,14
ACOES	AZUL4	12-2020	10	393
ACOES	B3SA3	12-2020	5	309,9
ACOES	COGN3	12-2020	15	69,45
ACOES	EZTC3	12-2020	10	429
ACOES	GOLL4	12-2020	20	498,8
ACOES	ITUB4	12-2020	10	316,3
ACOES	PGMN3	12-2020	62	559,24
ACOES	SUZB3	12-2020	20	1170,8
ACOES	AZUL4	11-2020	10	380,2
ACOES	B3SA3	11-2020	5	280,65
ACOES	COGN3	11-2020	15	70,35
ACOES	ITUB4	11-2020	10	285,6
ACOES	COGN3	4-2021	15	58,05
ACOES	EZTC3	4-2021	10	327,3
ACOES	GOLL4	4-2021	20	469
ACOES	ITUB4	4-2021	12	330,36
ACOES	PGMN3	4-2021	62	595,2
ACOES	SUZB3	4-2021	37	2540,79
ACOES	WEGE3	4-2021	12	420,12
ACOES	COGN3	8-2021	22	70,62
ACOES	EZTC3	8-2021	10	268
ACOES	ITUB4	8-2021	12	371,28
ACOES	PGMN3	8-2021	62	750,82
ACOES	PSSA3	8-2021	29	1657,93
ACOES	SUZB3	8-2021	15	915
ACOES	WEGE3	8-2021	12	426,72
ACOES	ITUB4	12-2021	12	251,4
ACOES	MGLU3	12-2021	6	43,32
ACOES	PGMN3	12-2021	83	776,05
ACOES	PSSA3	12-2021	58	1213,36
ACOES	SUZB3	12-2021	15	901,65
ACOES	WEGE3	12-2021	12	395,76
ACOES	AZUL4	2-2021	10	406
ACOES	B3SA3	2-2021	5	271,5
ACOES	COGN3	2-2021	15	56,1
ACOES	EZTC3	2-2021	10	315
ACOES	GOLL4	2-2021	20	432,6
ACOES	ITUB4	2-2021	10	255,5
ACOES	PGMN3	2-2021	62	614,42
ACOES	SUZB3	2-2021	20	1463,4
ACOES	AZUL4	1-2021	10	403,4
ACOES	B3SA3	1-2021	5	299
ACOES	COGN3	1-2021	15	67,8
ACOES	EZTC3	1-2021	10	366,8
ACOES	GOLL4	1-2021	20	479
ACOES	ITUB4	1-2021	10	283,4
ACOES	PGMN3	1-2021	62	629,3
ACOES	SUZB3	1-2021	20	1241
ACOES	COGN3	7-2021	15	54,6
ACOES	EZTC3	7-2021	10	275
ACOES	ITUB4	7-2021	12	363,6
ACOES	PGMN3	7-2021	62	740,9
ACOES	PSSA3	7-2021	29	1518,15
ACOES	SUZB3	7-2021	15	811,05
ACOES	WEGE3	7-2021	12	428,52
ACOES	COGN3	6-2021	15	64,95
ACOES	EZTC3	6-2021	10	311,1
ACOES	ITUB4	6-2021	12	357,6
ACOES	PGMN3	6-2021	62	697,5
ACOES	PSSA3	6-2021	29	1550,63
ACOES	SUZB3	6-2021	15	897,15
ACOES	WEGE3	6-2021	12	404,28
ACOES	COGN3	5-2021	15	63,3
ACOES	EZTC3	5-2021	10	311,4
ACOES	GOLL4	5-2021	20	536,2
ACOES	ITUB4	5-2021	12	354,48
ACOES	PGMN3	5-2021	62	735,32
ACOES	PSSA3	5-2021	29	1541,35
ACOES	SUZB3	5-2021	15	910,95
ACOES	WEGE3	5-2021	12	409,8
ACOES	COGN3	3-2021	15	59,7
ACOES	EZTC3	3-2021	10	320,5
ACOES	GOLL4	3-2021	20	430,2
ACOES	ITUB4	3-2021	12	335,64
ACOES	PGMN3	3-2021	62	560,48
ACOES	SUZB3	3-2021	37	2536,35
ACOES	WEGE3	3-2021	6	447,36
ACOES	EZTC3	11-2021	10	181,4
ACOES	ITUB4	11-2021	12	268,56
ACOES	PGMN3	11-2021	83	674,79
ACOES	PSSA3	11-2021	58	1291,08
ACOES	SUZB3	11-2021	15	842,4
ACOES	WEGE3	11-2021	12	386,76
ACOES	EZTC3	10-2021	10	182,5
ACOES	ITUB4	10-2021	12	279,72
ACOES	PGMN3	10-2021	77	726,88
ACOES	PSSA3	10-2021	58	1353,72
ACOES	SUZB3	10-2021	15	738,45
ACOES	WEGE3	10-2021	12	444
ACOES	EZTC3	9-2021	10	228,4
ACOES	ITUB4	9-2021	12	347,16
ACOES	PGMN3	9-2021	62	770,66
ACOES	PSSA3	9-2021	29	1434,34
ACOES	SUZB3	9-2021	15	817,8
ACOES	WEGE3	9-2021	12	475,56
ACOES	ITUB4	4-2022	12	286,44
ACOES	PGMN3	4-2022	85	690,2
ACOES	PSSA3	4-2022	58	1180,3
ACOES	SUZB3	4-2022	15	744,15
ACOES	TAEE11	4-2022	13	571,74
ACOES	WEGE3	4-2022	12	361,2
ACOES	ITUB4	8-2022	12	309,72
ACOES	PGMN3	8-2022	122	620,98
ACOES	PSSA3	8-2022	58	1260,34
ACOES	SUZB3	8-2022	15	663,9
ACOES	TAEE11	8-2022	13	541,84
ACOES	WEGE3	8-2022	32	905,28
ACOES	ITUB4	12-2022	12	300
ACOES	PGMN3	12-2022	147	643,86
ACOES	TAEE11	12-2022	13	450,71
ACOES	VALE3	12-2022	41	3644,08
ACOES	ITUB4	2-2022	12	305,64
ACOES	PGMN3	2-2022	83	911,34
ACOES	PSSA3	2-2022	58	1216,84
ACOES	SUZB3	2-2022	15	826,05
ACOES	WEGE3	2-2022	12	352,8
ACOES	ITUB4	1-2022	12	303,96
ACOES	PGMN3	1-2022	83	713,8
ACOES	PSSA3	1-2022	58	1150,14
ACOES	SUZB3	1-2022	15	888
ACOES	WEGE3	1-2022	12	385,92
ACOES	ITUB4	7-2022	12	283,44
ACOES	PGMN3	7-2022	100	449
ACOES	PSSA3	7-2022	58	1068,36
ACOES	SUZB3	7-2022	15	724,35
ACOES	TAEE11	7-2022	13	525,98
ACOES	WEGE3	7-2022	32	897,28
ACOES	ITUB4	6-2022	12	272,04
ACOES	PGMN3	6-2022	100	435
ACOES	PSSA3	6-2022	58	1030,08
ACOES	SUZB3	6-2022	15	745,35
ACOES	TAEE11	6-2022	13	502,06
ACOES	WEGE3	6-2022	12	317,4
ACOES	ITUB4	5-2022	12	313,92
ACOES	PGMN3	5-2022	95	636,5
ACOES	PSSA3	5-2022	58	1202,92
ACOES	SUZB3	5-2022	15	802,5
ACOES	TAEE11	5-2022	13	524,94
ACOES	WEGE3	5-2022	12	304,44
ACOES	ITUB4	3-2022	12	329,76
ACOES	PGMN3	3-2022	83	800,95
ACOES	PSSA3	3-2022	58	1224,38
ACOES	SUZB3	3-2022	15	827,25
ACOES	TAEE11	3-2022	13	573,82
ACOES	WEGE3	3-2022	12	418,44
ACOES	ITUB4	11-2022	12	312
ACOES	PGMN3	11-2022	147	673,26
ACOES	TAEE11	11-2022	13	449,02
ACOES	VALE3	11-2022	41	3514,11
ACOES	ITUB4	10-2022	12	364,8
ACOES	PGMN3	10-2022	135	837
ACOES	PSSA3	10-2022	58	1347,92
ACOES	SUZB3	10-2022	15	798
ACOES	TAEE11	10-2022	13	522,47
ACOES	WEGE3	10-2022	32	1288,96
ACOES	ITUB4	9-2022	12	336,72
ACOES	PGMN3	9-2022	122	686,86
ACOES	PSSA3	9-2022	58	1225,54
ACOES	SUZB3	9-2022	15	667,5
ACOES	TAEE11	9-2022	13	506,35
ACOES	WEGE3	9-2022	32	1028,48
ACOES	ITUB4	4-2023	12	311,04
ACOES	PGMN3	4-2023	151	443,94
ACOES	TAEE11	4-2023	13	474,11
ACOES	VALE3	4-2023	41	2968,4
ACOES	ITUB4	8-2023	12	329,16
ACOES	PGMN1	8-2023	35	1,4
ACOES	PGMN3	8-2023	173	667,78
ACOES	TAEE11	8-2023	13	444,6
ACOES	VALE3	8-2023	41	2668,28
ACOES	PGMN3	12-2023	227	898,92
ACOES	VALE3	12-2023	41	3165,2
ACOES	ITUB4	2-2023	12	305,16
ACOES	PGMN3	2-2023	151	528,5
ACOES	TAEE11	2-2023	13	461,37
ACOES	VALE3	2-2023	41	3498,12
ACOES	ITUB4	1-2023	12	303,96
ACOES	PGMN1	1-2023	7	3,85
ACOES	PGMN3	1-2023	147	615,93
ACOES	TAEE11	1-2023	13	481,78
ACOES	VALE3	1-2023	41	3874,91
ACOES	ITUB4	7-2023	12	343,68
ACOES	PGMN3	7-2023	173	730,06
ACOES	TAEE11	7-2023	13	468
ACOES	VALE3	7-2023	41	2835,56
ACOES	ITUB4	6-2023	12	341,04
ACOES	PGMN3	6-2023	173	700,65
ACOES	TAEE11	6-2023	13	489,32
ACOES	VALE3	6-2023	41	2633,02
ACOES	ITUB4	5-2023	12	315,96
ACOES	PGMN3	5-2023	151	511,89
ACOES	TAEE11	5-2023	13	479,96
ACOES	VALE3	5-2023	41	2616,21
ACOES	ITUB4	3-2023	12	296,88
ACOES	PGMN3	3-2023	151	468,1
ACOES	TAEE11	3-2023	13	452,79
ACOES	VALE3	3-2023	41	3291,89
ACOES	PGMN3	11-2023	227	771,8
ACOES	VALE3	11-2023	41	3027,85
ACOES	ITUB4	10-2023	12	321,84
ACOES	PGMN3	10-2023	173	519
ACOES	TAEE11	10-2023	13	439,27
ACOES	VALE3	10-2023	41	2829
ACOES	ITUB4	9-2023	12	326,52
ACOES	PGMN3	9-2023	173	505,16
ACOES	TAEE11	9-2023	13	449,28
ACOES	VALE3	9-2023	41	2770,78
ACOES	PGMN3	4-2024	227	574,31
ACOES	VALE3	4-2024	41	2594,89
ACOES	PGMN3	8-2024	227	699,16
ACOES	VALE3	8-2024	41	2442,78
ACOES	PGMN3	2-2024	227	671,92
ACOES	VALE3	2-2024	41	2746,59
ACOES	PGMN1	1-2024	19	4,56
ACOES	PGMN3	1-2024	227	717,32
ACOES	VALE3	1-2024	41	2778,16
ACOES	PGMN3	7-2024	227	578,85
ACOES	VALE3	7-2024	41	2526,83
ACOES	PGMN3	6-2024	227	578,85
ACOES	VALE3	6-2024	41	2551,02
ACOES	PGMN3	5-2024	227	519,83
ACOES	VALE3	5-2024	41	2591,2
ACOES	PGMN3	3-2024	227	615,17
ACOES	VALE3	3-2024	41	2494,03
ACOES	PGMN3	9-2024	227	592,47
ACOES	VALE3	9-2024	41	2603,91
ETF	BOVA11	12-2020	10	1146,5
ETF	IVVB11	12-2020	2	420,08
ETF	IVVB11	11-2020	2	420
ETF	HASH11	4-2021	3	157,95
ETF	IVVB11	4-2021	24	5928
ETF	HASH11	8-2021	69	3153,3
ETF	IVVB11	8-2021	13	3302
ETF	HASH11	12-2021	74	3659,3
ETF	IVVB11	12-2021	13	3816,28
ETF	BOVA11	2-2021	10	1055,9
ETF	IVVB11	2-2021	2	462
ETF	BOVA11	1-2021	10	1105,6
ETF	IVVB11	1-2021	2	440
ETF	HASH11	7-2021	68	2449,36
ETF	IVVB11	7-2021	13	3254,55
ETF	HASH11	6-2021	67	2109,83
ETF	IVVB11	6-2021	13	3022,5
ETF	HASH11	5-2021	51	1846,2
ETF	IVVB11	5-2021	13	3094
ETF	IVVB11	3-2021	24	5836,8
ETF	HASH11	11-2021	69	4325,61
ETF	IVVB11	11-2021	13	3647,15
ETF	HASH11	10-2021	69	4472,58
ETF	IVVB11	10-2021	13	3679
ETF	HASH11	9-2021	69	2998,05
ETF	IVVB11	9-2021	13	3315
ETF	HASH11	4-2022	76	2627,32
ETF	HASH11	8-2022	124	2356
ETF	HASH11	12-2022	124	1928,2
ETF	HASH11	2-2022	76	2736
ETF	HASH11	1-2022	75	2775
ETF	HASH11	7-2022	101	2227,05
ETF	HASH11	6-2022	79	1285,33
ETF	HASH11	5-2022	76	1957
ETF	HASH11	3-2022	76	2999,72
ETF	HASH11	11-2022	124	1934,4
ETF	HASH11	10-2022	124	2360,96
ETF	HASH11	9-2022	124	2285,32
ETF	HASH11	4-2023	131	3221,29
ETF	HASH11	8-2023	143	3068,78
ETF	HASH11	12-2023	173	5717,65
ETF	HASH11	2-2023	129	2689,65
ETF	HASH11	1-2023	129	2644,5
ETF	HASH11	7-2023	143	3323,32
ETF	HASH11	6-2023	138	3327,18
ETF	HASH11	5-2023	138	3202,98
ETF	HASH11	3-2023	129	3157,92
ETF	HASH11	11-2023	168	4914
ETF	HASH11	10-2023	143	3871,01
ETF	HASH11	9-2023	143	3203,2
ETF	HASH11	2-2024	173	8304
ETF	HASH11	1-2024	173	5760,9
FUNDOS	ALZR11	12-2020	20	2574
FUNDOS	KNRI11	12-2020	12	1947,84
FUNDOS	KNRI11	4-2021	69	10291,35
FUNDOS	KNRI11	8-2021	69	9809,73
FUNDOS	KNRI11	12-2021	69	9790,41
FUNDOS	ALZR11	2-2021	20	2522,2
FUNDOS	KNRI11	2-2021	18	2849,22
FUNDOS	ALZR11	1-2021	20	2537,6
FUNDOS	KNRI11	1-2021	18	2876,4
FUNDOS	KNRI11	7-2021	69	9685,53
FUNDOS	KNRI11	6-2021	69	9564,09
FUNDOS	KNRI11	5-2021	69	9916,68
FUNDOS	ALZR11	3-2021	59	7586,81
FUNDOS	KNRI11	3-2021	19	2901,87
FUNDOS	KNRI11	11-2021	69	8805,78
FUNDOS	KNRI11	10-2021	69	9362,61
FUNDOS	KNRI11	9-2021	69	10143
FUNDOS	KNRI11	4-2022	69	9446,1
FUNDOS	KNRI11	8-2022	87	13391,04
FUNDOS	KNRI11	12-2022	87	12197,4
FUNDOS	KNRI11	2-2022	69	9166,65
FUNDOS	KNRI11	1-2022	69	9211,5
FUNDOS	KNRI11	7-2022	87	11884,2
FUNDOS	KNRI11	6-2022	69	9072,12
FUNDOS	KNRI11	5-2022	69	9149,4
FUNDOS	KNRI11	3-2022	69	9466,8
FUNDOS	KNRI11	11-2022	87	12560,19
FUNDOS	KNRI11	10-2022	87	12858,6
FUNDOS	KNRI11	9-2022	87	13293,6
FUNDOS	KNRI11	4-2023	87	12702
FUNDOS	KNRI11	8-2023	87	13933,05
FUNDOS	KNRI11	12-2023	87	14398,5
FUNDOS	KNRI11	2-2023	87	11941,62
FUNDOS	KNRI11	1-2023	87	12158,25
FUNDOS	KNRI11	7-2023	87	14028,75
FUNDOS	KNRI11	6-2023	87	13899,99
FUNDOS	KNRI11	5-2023	87	13249,23
FUNDOS	KNRI11	3-2023	87	11995,56
FUNDOS	KNRI11	11-2023	87	13876,5
FUNDOS	KNRI11	10-2023	87	13892,16
FUNDOS	KNRI11	9-2023	87	14309,76
FUNDOS	KNRI11	2-2024	87	14488,11
FUNDOS	KNRI11	1-2024	87	14268
FUNDOS	KNRI11	3-2024	87	14476,8
FUNDOS	KNRI12	3-2024	20	30,2
RENDA FIXA	CDB - BANCO A.J.RENNER S/A	1-2021	10	10031,42
RENDA FIXA	CDB - BANCO MASTER S/A	1-2023	1	1000
RENDA FIXA	CDB - BANCO MASTER S/A	1-2023	2	2140,48
RENDA FIXA	CDB - BANCO MASTER S/A	1-2023	1	1073,39
RENDA FIXA	CDB - BANCO MASTER S/A	1-2023	15	16305,45
RENDA FIXA	DEB - CONC. ECOVIAS DOS IMIGRANTES S.A.	1-2023	3	3594,71
RENDA FIXA	CDB - BANCO BS2 S.A	1-2024	1	1222,66
RENDA FIXA	CDB - BANCO MASTER S/A	1-2024	15	18403,05
RENDA FIXA	CDB - BANCO MASTER S/A	1-2024	1	1120
RENDA FIXA	CDB - BANCO MASTER S/A	1-2024	1	1211,48
RENDA FIXA	CDB - BANCO MASTER S/A	1-2024	2	2415,84
RENDA FIXA	DEB - CONC. ECOVIAS DOS IMIGRANTES S.A.	1-2024	3	1900,21
RENDA FIXA	CDB - BANCO MASTER S/A	10-2022	1	1039,07
RENDA FIXA	CDB - BANCO MASTER S/A	10-2022	2	2072,03
RENDA FIXA	CDB - BANCO MASTER S/A	10-2022	15	15784,05
RENDA FIXA	DEB - CONC. ECOVIAS DOS IMIGRANTES S.A.	10-2022	3	3527,78
RENDA FIXA	CDB - BANCO BS2 S.A	10-2023	1	1190,2
RENDA FIXA	CDB - BANCO MASTER S/A	10-2023	1	1090
RENDA FIXA	CDB - BANCO MASTER S/A	10-2023	15	17901,15
RENDA FIXA	CDB - BANCO MASTER S/A	10-2023	1	1178,44
RENDA FIXA	CDB - BANCO MASTER S/A	10-2023	2	2349,96
RENDA FIXA	DEB - CONC. ECOVIAS DOS IMIGRANTES S.A.	10-2023	3	1845,11
RENDA FIXA	CDB - BANCO MASTER S/A	11-2022	1	1049,68
RENDA FIXA	CDB - BANCO MASTER S/A	11-2022	2	2093,18
RENDA FIXA	CDB - BANCO MASTER S/A	11-2022	15	15945,15
RENDA FIXA	DEB - CONC. ECOVIAS DOS IMIGRANTES S.A.	11-2022	3	3525,16
RENDA FIXA	CDB - BANCO BS2 S.A	11-2023	1	1201,02
RENDA FIXA	CDB - BANCO MASTER S/A	11-2023	15	18065,25
RENDA FIXA	CDB - BANCO MASTER S/A	11-2023	1	1189,24
RENDA FIXA	CDB - BANCO MASTER S/A	11-2023	2	2371,5
RENDA FIXA	CDB - BANCO MASTER S/A	11-2023	1	1100
RENDA FIXA	DEB - CONC. ECOVIAS DOS IMIGRANTES S.A.	11-2023	3	1861,68
RENDA FIXA	CDB - BANCO A.J.RENNER S/A	12-2020	10	10014,91
RENDA FIXA	CDB - BANCO MASTER S/A	12-2022	1	1061,47
RENDA FIXA	CDB - BANCO MASTER S/A	12-2022	2	2116,7
RENDA FIXA	CDB - BANCO MASTER S/A	12-2022	15	16124,25
RENDA FIXA	DEB - CONC. ECOVIAS DOS IMIGRANTES S.A.	12-2022	3	3540,64
RENDA FIXA	CDB - BANCO BS2 S.A	12-2023	1	1211,84
RENDA FIXA	CDB - BANCO MASTER S/A	12-2023	1	1100
RENDA FIXA	CDB - BANCO MASTER S/A	12-2023	2	2392,7
RENDA FIXA	CDB - BANCO MASTER S/A	12-2023	1	1199,88
RENDA FIXA	CDB - BANCO MASTER S/A	12-2023	15	18226,8
RENDA FIXA	DEB - CONC. ECOVIAS DOS IMIGRANTES S.A.	12-2023	3	1884,5
RENDA FIXA	DEB - CONC. ECOVIAS DOS IMIGRANTES S.A.	2-2022	3	5177,66
RENDA FIXA	CDB - BANCO BS2 S.A	2-2023	1	1082
RENDA FIXA	CDB - BANCO MASTER S/A	2-2023	15	16455,15
RENDA FIXA	CDB - BANCO MASTER S/A	2-2023	1	1010
RENDA FIXA	CDB - BANCO MASTER S/A	2-2023	1	1083,25
RENDA FIXA	CDB - BANCO MASTER S/A	2-2023	2	2160,12
RENDA FIXA	DEB - CONC. ECOVIAS DOS IMIGRANTES S.A.	2-2023	3	3608,68
RENDA FIXA	CDB - BANCO BS2 S.A	2-2024	1	1233,48
RENDA FIXA	CDB - BANCO MASTER S/A	2-2024	1	1221,17
RENDA FIXA	CDB - BANCO MASTER S/A	2-2024	15	18550,2
RENDA FIXA	CDB - BANCO MASTER S/A	2-2024	2	2435,16
RENDA FIXA	CDB - BANCO MASTER S/A	2-2024	1	1130
RENDA FIXA	DEB - CONC. ECOVIAS DOS IMIGRANTES S.A.	2-2024	3	1920,41
RENDA FIXA	DEB - CONC. ECOVIAS DOS IMIGRANTES S.A.	3-2022	3	5285,47
RENDA FIXA	CDB - BANCO BS2 S.A	3-2023	1	1092,82
RENDA FIXA	CDB - BANCO MASTER S/A	3-2023	1	1030
RENDA FIXA	CDB - BANCO MASTER S/A	3-2023	1	1095,97
RENDA FIXA	CDB - BANCO MASTER S/A	3-2023	15	16648,35
RENDA FIXA	CDB - BANCO MASTER S/A	3-2023	2	2185,5
RENDA FIXA	DEB - CONC. ECOVIAS DOS IMIGRANTES S.A.	3-2023	3	3666,75
RENDA FIXA	CDB - BANCO BS2 S.A	3-2024	1	1244,3
RENDA FIXA	CDB - BANCO MASTER S/A	3-2024	1	1130
RENDA FIXA	CDB - BANCO MASTER S/A	3-2024	15	18704,55
RENDA FIXA	CDB - BANCO MASTER S/A	3-2024	2	2455,42
RENDA FIXA	CDB - BANCO MASTER S/A	3-2024	1	1231,33
RENDA FIXA	DEB - CONC. ECOVIAS DOS IMIGRANTES S.A.	3-2024	3	1942,35
RENDA FIXA	DEB - CONC. ECOVIAS DOS IMIGRANTES S.A.	4-2022	3	3438,57
RENDA FIXA	CDB - BANCO BS2 S.A	4-2023	1	1103,64
RENDA FIXA	CDB - BANCO MASTER S/A	4-2023	15	16801,2
RENDA FIXA	CDB - BANCO MASTER S/A	4-2023	1	1030
RENDA FIXA	CDB - BANCO MASTER S/A	4-2023	2	2205,56
RENDA FIXA	CDB - BANCO MASTER S/A	4-2023	1	1106,03
RENDA FIXA	DEB - CONC. ECOVIAS DOS IMIGRANTES S.A.	4-2023	3	1747,67
RENDA FIXA	CDB - BANCO BS2 S.A	4-2024	1	1255,12
RENDA FIXA	CDB - BANCO MASTER S/A	4-2024	2	2477,2
RENDA FIXA	CDB - BANCO MASTER S/A	4-2024	1	1242,25
RENDA FIXA	CDB - BANCO MASTER S/A	4-2024	1	1160
RENDA FIXA	CDB - BANCO MASTER S/A	4-2024	15	18870,45
RENDA FIXA	LCA - BANCO ABC-BRASIL S/A	4-2024	1	14163
RENDA FIXA	LCA - BANCO ABC-BRASIL S/A	4-2024	1	11249
RENDA FIXA	DEB - CONC. ECOVIAS DOS IMIGRANTES S.A.	5-2022	3	3458,29
RENDA FIXA	CDB - BANCO BS2 S.A	5-2023	1	1125,28
RENDA FIXA	CDB - BANCO MASTER S/A	5-2023	15	16990,05
RENDA FIXA	CDB - BANCO MASTER S/A	5-2023	2	2230,34
RENDA FIXA	CDB - BANCO MASTER S/A	5-2023	1	1050
RENDA FIXA	CDB - BANCO MASTER S/A	5-2023	1	1118,46
RENDA FIXA	DEB - CONC. ECOVIAS DOS IMIGRANTES S.A.	5-2023	3	1752,9
RENDA FIXA	CDB - BANCO BS2 S.A	5-2024	1	1265,94
RENDA FIXA	CDB - BANCO MASTER S/A	5-2024	1	1252,59
RENDA FIXA	CDB - BANCO MASTER S/A	5-2024	1	1170
RENDA FIXA	CDB - BANCO MASTER S/A	5-2024	2	2497,84
RENDA FIXA	LCA - BANCO ABC-BRASIL S/A	5-2024	1	11361,49
RENDA FIXA	LCA - BANCO ABC-BRASIL S/A	5-2024	1	14304,63
RENDA FIXA	CDB - BANCO MASTER S/A	6-2022	15	15123,67
RENDA FIXA	DEB - CONC. ECOVIAS DOS IMIGRANTES S.A.	6-2022	3	3484,57
RENDA FIXA	CDB - BANCO BS2 S.A	6-2023	1	1136,1
RENDA FIXA	CDB - BANCO MASTER S/A	6-2023	1	1060
RENDA FIXA	CDB - BANCO MASTER S/A	6-2023	2	2254,26
RENDA FIXA	CDB - BANCO MASTER S/A	6-2023	1	1130,45
RENDA FIXA	CDB - BANCO MASTER S/A	6-2023	15	17172,15
RENDA FIXA	DEB - CONC. ECOVIAS DOS IMIGRANTES S.A.	6-2023	3	1777,58
RENDA FIXA	CDB - BANCO BS2 S.A	6-2024	1	1276,76
RENDA FIXA	CDB - BANCO MASTER S/A	6-2024	1	1262,47
RENDA FIXA	CDB - BANCO MASTER S/A	6-2024	2	2517,52
RENDA FIXA	CDB - BANCO MASTER S/A	6-2024	1	1170
RENDA FIXA	LCA - BANCO ABC-BRASIL S/A	6-2024	1	14446,26
RENDA FIXA	LCA - BANCO ABC-BRASIL S/A	6-2024	1	11473,98
RENDA FIXA	CDB - BANCO MASTER S/A	7-2022	15	15280,18
RENDA FIXA	CDB - BANCO MASTER S/A	7-2022	2	2005,89
RENDA FIXA	CDB - BANCO MASTER S/A	7-2022	1	1005,9
RENDA FIXA	DEB - CONC. ECOVIAS DOS IMIGRANTES S.A.	7-2022	3	3460,11
RENDA FIXA	CDB - BANCO BS2 S.A	7-2023	1	1146,92
RENDA FIXA	CDB - BANCO MASTER S/A	7-2023	15	17356,2
RENDA FIXA	CDB - BANCO MASTER S/A	7-2023	1	1060
RENDA FIXA	CDB - BANCO MASTER S/A	7-2023	1	1142,57
RENDA FIXA	CDB - BANCO MASTER S/A	7-2023	2	2278,42
RENDA FIXA	DEB - CONC. ECOVIAS DOS IMIGRANTES S.A.	7-2023	3	1799,35
RENDA FIXA	CDB - BANCO BS2 S.A	7-2024	1	1287,58
RENDA FIXA	CDB - BANCO MASTER S/A	7-2024	1	1190
RENDA FIXA	LCA - BANCO ABC-BRASIL S/A	7-2024	1	14587,89
RENDA FIXA	LCA - BANCO ABC-BRASIL S/A	7-2024	1	11586,47
RENDA FIXA	CDB - BANCO MASTER S/A	8-2022	2	2029,34
RENDA FIXA	CDB - BANCO MASTER S/A	8-2022	15	15458,86
RENDA FIXA	CDB - BANCO MASTER S/A	8-2022	1	1017,66
RENDA FIXA	DEB - CONC. ECOVIAS DOS IMIGRANTES S.A.	8-2022	3	3464,25
RENDA FIXA	CDB - BANCO BS2 S.A	8-2023	1	1157,74
RENDA FIXA	CDB - BANCO MASTER S/A	8-2023	2	2304,34
RENDA FIXA	CDB - BANCO MASTER S/A	8-2023	1	1070
RENDA FIXA	CDB - BANCO MASTER S/A	8-2023	15	17553,6
RENDA FIXA	CDB - BANCO MASTER S/A	8-2023	1	1155,56
RENDA FIXA	DEB - CONC. ECOVIAS DOS IMIGRANTES S.A.	8-2023	3	1816,27
RENDA FIXA	CDB - BANCO MASTER S/A	8-2024	1	1190
RENDA FIXA	LCA - BANCO ABC-BRASIL S/A	8-2024	1	11698,96
RENDA FIXA	LCA - BANCO ABC-BRASIL S/A	8-2024	1	14587,89
RENDA FIXA	CDB - BANCO MASTER S/A	9-2022	2	2051,1
RENDA FIXA	CDB - BANCO MASTER S/A	9-2022	15	15624,57
RENDA FIXA	CDB - BANCO MASTER S/A	9-2022	1	1028,57
RENDA FIXA	DEB - CONC. ECOVIAS DOS IMIGRANTES S.A.	9-2022	3	3457,74
RENDA FIXA	CDB - BANCO BS2 S.A	9-2023	1	1168,56
RENDA FIXA	CDB - BANCO MASTER S/A	9-2023	1	1070
RENDA FIXA	CDB - BANCO MASTER S/A	9-2023	15	17724,45
RENDA FIXA	CDB - BANCO MASTER S/A	9-2023	2	2326,76
RENDA FIXA	CDB - BANCO MASTER S/A	9-2023	1	1166,8
RENDA FIXA	DEB - CONC. ECOVIAS DOS IMIGRANTES S.A.	9-2023	3	1833
RENDA FIXA	CDB - BANCO MASTER S/A	9-2024	1	1210
RENDA FIXA	LCA - BANCO ABC-BRASIL S/A	9-2024	1	11698,96
RENDA FIXA	LCA - BANCO ABC-BRASIL S/A	9-2024	1	14729,52
RENDA FIXA	CDB – BANCO DAYCOVAL	5-2024	1	30062,95
RENDA FIXA	CDB – BANCO DAYCOVAL	6-2024	1	30302
RENDA FIXA	CDB – BANCO DAYCOVAL	7-2024	1	30526
RENDA FIXA	CDB – BANCO DAYCOVAL	8-2024	1	30764
RENDA FIXA	CDB – BANCO DAYCOVAL	9-2024	1	30995
USD	ETF AVENUE	4-2021	2	6792,93
USD	ETF AVENUE	5-2021	2	6723,36
USD	ETF AVENUE	6-2021	2	6605,13
USD	ETF AVENUE	7-2021	2	7089,66
USD	ETF AVENUE	8-2021	2	7246,05
USD	ETF AVENUE	9-2021	2	7213,44
USD	ETF AVENUE	10-2021	2	8003,16
USD	ETF AVENUE	11-2021	2	7968,37
USD	ETF AVENUE	12-2021	2	8600,64
USD	ETF AVENUE	1-2022	2	7377,6
USD	ETF AVENUE	2-2022	2	6961,5
USD	ETF AVENUE	3-2022	2	6863,92
USD	ETF AVENUE	4-2022	2	6798,96
USD	ETF AVENUE	5-2022	2	6172,65
USD	ETF AVENUE	6-2022	2	6397,1
USD	ETF AVENUE	7-2022	2	6762,36
USD	ETF AVENUE	8-2022	2	6350,99
USD	ETF AVENUE	9-2022	2	5858,93
USD	ETF AVENUE	10-2022	2	5744,62
USD	ETF AVENUE	11-2022	2	5891,6
USD	ETF AVENUE	12-2022	2	5871,36
USD	ETF AVENUE	1-2023	2	6180,33
USD	ETF AVENUE	2-2023	2	5888,16
USD	ETF AVENUE	3-2023	2	5652,02
USD	ETF AVENUE	4-2023	2	5773,43
USD	ETF AVENUE	5-2023	2	5705,89
USD	ETF AVENUE	6-2023	2	5633,04
USD	ETF AVENUE	7-2023	2	5628,7
USD	ETF AVENUE	8-2023	2	5605,37
USD	ETF AVENUE	9-2023	2	5788,06
USD	ETF AVENUE	10-2023	2	5656
USD	ETF AVENUE	11-2023	2	6169,68
USD	ETF AVENUE	12-2023	2	8114,05
USD	ETF AVENUE	1-2024	2	8004,15
USD	ETF AVENUE	2-2024	2	8510,82
USD	ETF AVENUE	3-2024	2	9280
USD	ETF AVENUE	4-2024	2	9548,99
USD	ETF AVENUE	5-2024	2	9845,43
USD	ETF AVENUE	6-2024	2	12731,7
USD	ETF AVENUE	7-2024	2	13782,1
USD	ETF AVENUE	8-2024	2	14435,75
USD	ETF AVENUE	9-2024	2	17658
